Id,Prediction
1,-1
2,3
3,3
4,0
5,5
6,3
7,0
8,-1
9,3
10,3
11,0
12,8
13,8
14,8
15,8
16,3
17,8
18,12
19,12
20,8
21,8
22,21
23,21
24,21
25,20
26,20
27,20
28,21
29,3
30,0
31,7
32,2
33,7
34,5
35,5
36,7
37,7
38,-1
39,7
40,13
41,13
42,13
43,5
44,5
45,13
46,13
47,13
48,13
49,8
50,13
51,13
52,13
53,-1
54,16
55,16
56,13
57,22
58,22
59,22
60,22
61,22
62,13
63,13
64,13
65,2
66,2
67,3
68,-1
69,7
70,7
71,5
72,11
73,9
74,7
75,11
76,3
77,3
78,17
79,17
80,17
81,17
82,3
83,17
84,26
85,26
86,26
87,26
88,26
89,26
90,26
91,3
92,29
93,29
94,26
95,3
96,5
97,5
98,5
99,5
100,5
101,-1
102,5
103,-1
104,0
105,1
106,2
107,5
108,2
109,5
110,0
111,1
112,-1
113,5
114,5
115,5
116,1
117,1
118,4
119,4
120,4
121,4
122,-1
123,4
124,2
125,2
126,-1
127,2
128,6
129,6
130,3
131,2
132,1
133,-1
134,4
135,4
136,1
137,7
138,7
139,4
140,9
141,12
142,12
143,12
144,7
145,14
146,12
147,12
148,19
149,19
150,19
151,1
152,22
153,22
154,19
155,22
156,25
157,22
158,25
159,1
160,5
161,0
162,3
163,0
164,5
165,-1
166,5
167,10
168,10
169,10
170,5
171,12
172,10
173,15
174,15
175,12
176,17
177,15
178,20
179,20
180,17
181,5
182,-1
183,0
184,3
185,0
186,3
187,0
188,1
189,-1
190,4
191,4
192,1
193,7
194,7
195,1
196,10
197,10
198,7
199,1
200,4
201,3
202,3
203,0
204,-1
205,6
206,4
207,9
208,9
209,6
210,11
211,9
212,4
213,4
214,4
215,4
216,4
217,6
218,6
219,-1
220,6
221,11
222,11
223,11
224,7
225,6
226,-1
227,2
228,0
229,6
230,6
231,6
232,0
233,0
234,1
235,-1
236,3
237,1
238,5
239,3
240,5
241,9
242,9
243,1
244,1
245,1
246,2
247,-1
248,4
249,2
250,4
251,11
252,11
253,11
254,10
255,11
256,4
257,11
258,16
259,16
260,16
261,12
262,19
263,19
264,12
265,22
266,22
267,19
268,2
269,-1
270,0
271,0
272,4
273,26
274,11
275,11
276,11
277,11
278,8
279,11
280,26
281,11
282,11
283,11
284,16
285,11
286,20
287,20
288,20
289,16
290,26
291,26
292,24
293,26
294,26
295,2
296,29
297,29
298,31
299,31
300,26
301,34
302,34
303,31
304,34
305,39
306,39
307,39
308,34
309,39
310,0
311,3
312,3
313,3
314,-1
315,11
316,11
317,8
318,8
319,10
320,10
321,11
322,3
323,4
324,4
325,4
326,4
327,-1
328,6
329,4
330,8
331,6
332,4
333,12
334,12
335,4
336,4
337,16
338,16
339,23
340,18
341,16
342,23
343,23
344,23
345,23
346,4
347,25
348,23
349,25
350,28
351,25
352,32
353,32
354,32
355,28
356,43
357,43
358,37
359,37
360,43
361,37
362,37
363,43
364,43
365,43
366,23
367,47
368,47
369,47
370,43
371,47
372,50
373,47
374,53
375,53
376,50
377,55
378,53
379,57
380,55
381,59
382,57
383,61
384,23
385,61
386,66
387,66
388,66
389,61
390,4
391,70
392,70
393,4
394,75
395,75
396,74
397,75
398,70
399,78
400,78
401,75
402,75
403,4
404,7
405,7
406,3
407,7
408,7
409,6
410,7
411,-1
412,7
413,3
414,3
415,3
416,6
417,6
418,6
419,-1
420,8
421,6
422,6
423,1
424,-1
425,4
426,4
427,1
428,6
429,4
430,8
431,6
432,10
433,8
434,1
435,2
436,2
437,5
438,5
439,5
440,-1
441,8
442,8
443,5
444,5
445,2
446,2
447,-1
448,5
449,5
450,2
451,2
452,2
453,2
454,-1
455,4
456,2
457,2
458,1
459,-1
460,3
461,1
462,7
463,6
464,7
465,3
466,10
467,10
468,7
469,13
470,13
471,10
472,15
473,13
474,18
475,18
476,15
477,21
478,21
479,15
480,24
481,24
482,21
483,1
484,4
485,4
486,4
487,4
488,-1
489,10
490,10
491,8
492,10
493,10
494,4
495,12
496,10
497,16
498,16
499,16
500,12
501,4
502,1
503,4
504,4
505,4
506,-1
507,7
508,7
509,4
510,9
511,7
512,11
513,9
514,14
515,14
516,9
517,20
518,20
519,20
520,20
521,20
522,9
523,22
524,20
525,25
526,25
527,22
528,4
529,3
530,3
531,3
532,-1
533,6
534,6
535,3
536,8
537,6
538,11
539,11
540,6
541,3
542,1
543,2
544,-1
545,4
546,2
547,4
548,7
549,5
550,11
551,8
552,11
553,5
554,2
555,3
556,3
557,3
558,-1
559,3
560,3
561,3
562,3
563,-1
564,5
565,3
566,7
567,3
568,3
569,1
570,2
571,-1
572,2
573,7
574,6
575,7
576,2
577,9
578,7
579,12
580,12
581,7
582,15
583,15
584,7
585,15
586,15
587,2
588,2
589,2
590,-1
591,2
592,2
593,3
594,3
595,3
596,-1
597,5
598,3
599,5
600,3
601,4
602,4
603,4
604,4
605,-1
606,4
607,4
608,2
609,2
610,-1
611,7
612,6
613,6
614,7
615,2
616,10
617,10
618,2
619,12
620,10
621,14
622,12
623,2
624,1
625,29
626,3
627,4
628,1
629,8
630,8
631,8
632,29
633,10
634,29
635,13
636,13
637,10
638,13
639,19
640,18
641,18
642,19
643,29
644,24
645,24
646,24
647,24
648,19
649,27
650,27
651,19
652,29
653,-1
654,31
655,29
656,29
657,1
658,-1
659,9
660,5
661,5
662,9
663,8
664,8
665,5
666,1
667,12
668,12
669,9
670,15
671,15
672,9
673,21
674,21
675,17
676,21
677,21
678,15
679,25
680,25
681,25
682,21
683,27
684,25
685,9
686,9
687,31
688,29
689,33
690,31
691,36
692,36
693,29
694,40
695,40
696,40
697,36
698,40
699,1
700,1
701,1
702,8
703,8
704,8
705,5
706,8
707,7
708,5
709,-1
710,10
711,8
712,13
713,13
714,10
715,15
716,13
717,17
718,15
719,17
720,21
721,21
722,18
723,23
724,21
725,8
726,-1
727,0
728,5
729,5
730,5
731,0
732,7
733,5
734,5
735,12
736,12
737,12
738,8
739,14
740,12
741,16
742,18
743,16
744,14
745,20
746,18
747,23
748,23
749,14
750,23
751,26
752,23
753,28
754,26
755,31
756,31
757,28
758,0
759,0
760,2
761,2
762,-1
763,2
764,7
765,7
766,7
767,3
768,2
769,-1
770,4
771,1
772,4
773,0
774,6
775,4
776,8
777,6
778,10
779,8
780,13
781,13
782,6
783,18
784,16
785,18
786,16
787,13
788,20
789,18
790,0
791,1
792,-1
793,6
794,5
795,5
796,6
797,1
798,8
799,6
800,10
801,6
802,14
803,14
804,14
805,10
806,17
807,17
808,14
809,19
810,17
811,23
812,23
813,23
814,6
815,25
816,23
817,25
818,1
819,2
820,2
821,6
822,6
823,5
824,6
825,-1
826,6
827,1
828,-1
829,4
830,4
831,1
832,4
833,7
834,4
835,7
836,10
837,7
838,13
839,13
840,7
841,13
842,1
843,1
844,-1
845,4
846,4
847,1
848,6
849,4
850,1
851,9
852,16
853,9
854,12
855,9
856,15
857,15
858,9
859,1
860,19
861,17
862,16
863,19
864,22
865,20
866,1
867,1
868,-1
869,4
870,4
871,1
872,1
873,7
874,1
875,7
876,11
877,11
878,7
879,1
880,1
881,-1
882,4
883,4
884,1
885,1
886,9
887,9
888,9
889,1
890,15
891,15
892,13
893,15
894,15
895,9
896,18
897,18
898,15
899,20
900,18
901,20
902,20
903,20
904,27
905,27
906,27
907,20
908,32
909,32
910,32
911,32
912,20
913,32
914,32
915,1
916,1
917,-1
918,4
919,4
920,1
921,4
922,8
923,8
924,4
925,10
926,8
927,8
928,11
929,14
930,11
931,14
932,17
933,14
934,1
935,2
936,2
937,-1
938,2
939,5
940,2
941,8
942,8
943,2
944,11
945,11
946,8
947,16
948,16
949,16
950,16
951,2
952,22
953,22
954,20
955,22
956,22
957,16
958,2
959,2
960,2
961,-1
962,2
963,6
964,6
965,3
966,8
967,6
968,12
969,12
970,12
971,2
972,2
973,2
974,2
975,-1
976,8
977,8
978,4
979,4
980,8
981,2
982,14
983,14
984,14
985,14
986,14
987,8
988,16
989,14
990,16
991,22
992,22
993,22
994,22
995,16
996,25
997,25
998,22
999,22
1000,30
1001,30
1002,30
1003,22
1004,22
1005,41
1006,41
1007,33
1008,36
1009,41
1010,41
1011,41
1012,41
1013,41
1014,50
1015,41
1016,47
1017,47
1018,47
1019,47
1020,41
1021,41
1022,50
1023,22
1024,54
1025,54
1026,54
1027,16
1028,57
1029,57
1030,54
1031,62
1032,62
1033,62
1034,62
1035,54
1036,69
1037,69
1038,69
1039,69
1040,69
1041,69
1042,54
1043,71
1044,69
1045,71
1046,71
1047,2
1048,1
1049,-1
1050,3
1051,1
1052,6
1053,6
1054,3
1055,9
1056,9
1057,3
1058,1
1059,2
1060,2
1061,-1
1062,5
1063,5
1064,2
1065,11
1066,11
1067,11
1068,11
1069,11
1070,2
1071,11
1072,14
1073,18
1074,17
1075,17
1076,18
1077,11
1078,2
1079,34
1080,27
1081,27
1082,25
1083,25
1084,27
1085,27
1086,34
1087,30
1088,30
1089,27
1090,34
1091,34
1092,34
1093,2
1094,2
1095,42
1096,38
1097,42
1098,40
1099,38
1100,42
1101,2
1102,46
1103,46
1104,46
1105,42
1106,46
1107,50
1108,50
1109,46
1110,2
1111,3
1112,3
1113,3
1114,-1
1115,3
1116,1
1117,7
1118,7
1119,7
1120,7
1121,7
1122,7
1123,-1
1124,11
1125,10
1126,11
1127,7
1128,13
1129,7
1130,15
1131,16
1132,13
1133,20
1134,20
1135,20
1136,16
1137,22
1138,20
1139,24
1140,22
1141,24
1142,7
1143,2
1144,2
1145,7
1146,7
1147,7
1148,7
1149,5
1150,-1
1151,10
1152,10
1153,12
1154,12
1155,7
1156,14
1157,12
1158,17
1159,17
1160,14
1161,19
1162,14
1163,22
1164,22
1165,14
1166,7
1167,1
1168,-1
1169,1
1170,7
1171,7
1172,6
1173,7
1174,1
1175,1
1176,2
1177,2
1178,9
1179,9
1180,9
1181,9
1182,9
1183,6
1184,9
1185,-1
1186,11
1187,9
1188,13
1189,11
1190,15
1191,13
1192,17
1193,15
1194,20
1195,20
1196,17
1197,23
1198,23
1199,20
1200,23
1201,23
1202,28
1203,28
1204,23
1205,9
1206,4
1207,2
1208,4
1209,4
1210,-1
1211,6
1212,4
1213,10
1214,10
1215,10
1216,6
1217,12
1218,13
1219,10
1220,4
1221,20
1222,15
1223,20
1224,20
1225,20
1226,4
1227,4
1228,1
1229,-1
1230,6
1231,6
1232,6
1233,6
1234,1
1235,6
1236,6
1237,11
1238,11
1239,6
1240,13
1241,11
1242,15
1243,16
1244,11
1245,18
1246,11
1247,20
1248,18
1249,24
1250,24
1251,24
1252,6
1253,27
1254,27
1255,24
1256,29
1257,27
1258,6
1259,32
1260,30
1261,1
1262,3
1263,0
1264,3
1265,-1
1266,3
1267,6
1268,4
1269,9
1270,9
1271,6
1272,4
1273,14
1274,14
1275,14
1276,4
1277,18
1278,17
1279,18
1280,14
1281,3
1282,3
1283,3
1284,3
1285,-1
1286,6
1287,6
1288,3
1289,6
1290,6
1291,12
1292,12
1293,12
1294,19
1295,14
1296,12
1297,14
1298,18
1299,18
1300,15
1301,6
1302,24
1303,24
1304,24
1305,24
1306,19
1307,26
1308,24
1309,29
1310,29
1311,26
1312,34
1313,34
1314,34
1315,34
1316,24
1317,24
1318,41
1319,38
1320,41
1321,41
1322,41
1323,24
1324,44
1325,44
1326,41
1327,47
1328,47
1329,44
1330,44
1331,3
1332,2
1333,2
1334,-1
1335,6
1336,6
1337,6
1338,2
1339,8
1340,6
1341,12
1342,12
1343,12
1344,6
1345,14
1346,12
1347,14
1348,2
1349,3
1350,3
1351,3
1352,-1
1353,8
1354,6
1355,8
1356,8
1357,3
1358,3
1359,3
1360,3
1361,3
1362,-1
1363,5
1364,8
1365,5
1366,8
1367,3
1368,20
1369,20
1370,13
1371,13
1372,20
1373,13
1374,20
1375,17
1376,20
1377,20
1378,20
1379,3
1380,24
1381,24
1382,24
1383,20
1384,28
1385,27
1386,28
1387,24
1388,30
1389,28
1390,3
1391,3
1392,3
1393,3
1394,9
1395,9
1396,9
1397,9
1398,9
1399,9
1400,-1
1401,14
1402,12
1403,14
1404,14
1405,9
1406,17
1407,17
1408,14
1409,19
1410,17
1411,19
1412,19
1413,19
1414,24
1415,19
1416,29
1417,29
1418,29
1419,29
1420,24
1421,33
1422,33
1423,33
1424,29
1425,9
1426,-1
1427,0
1428,0
1429,0
1430,8
1431,6
1432,8
1433,8
1434,0
1435,11
1436,11
1437,8
1438,13
1439,11
1440,8
1441,16
1442,8
1443,19
1444,19
1445,16
1446,22
1447,22
1448,23
1449,19
1450,25
1451,23
1452,25
1453,28
1454,25
1455,0
1456,10
1457,3
1458,3
1459,10
1460,3
1461,6
1462,4
1463,10
1464,10
1465,10
1466,-1
1467,10
1468,1
1469,-1
1470,3
1471,5
1472,3
1473,1
1474,1
1475,8
1476,6
1477,10
1478,8
1479,1
1480,1
1481,-1
1482,3
1483,1
1484,7
1485,7
1486,7
1487,3
1488,9
1489,7
1490,16
1491,16
1492,16
1493,16
1494,16
1495,16
1496,7
1497,7
1498,27
1499,27
1500,21
1501,22
1502,19
1503,27
1504,27
1505,27
1506,27
1507,7
1508,33
1509,33
1510,33
1511,33
1512,33
1513,7
1514,33
1515,37
1516,37
1517,34
1518,40
1519,40
1520,33
1521,44
1522,44
1523,44
1524,40
1525,1
1526,6
1527,0
1528,5
1529,5
1530,5
1531,0
1532,-1
1533,9
1534,9
1535,6
1536,13
1537,13
1538,13
1539,9
1540,16
1541,16
1542,13
1543,9
1544,21
1545,21
1546,21
1547,9
1548,23
1549,21
1550,27
1551,27
1552,27
1553,6
1554,29
1555,27
1556,32
1557,32
1558,27
1559,36
1560,36
1561,36
1562,32
1563,6
1564,5
1565,5
1566,3
1567,5
1568,5
1569,18
1570,7
1571,5
1572,9
1573,7
1574,11
1575,9
1576,18
1577,16
1578,15
1579,16
1580,18
1581,18
1582,-1
1583,21
1584,21
1585,18
1586,27
1587,27
1588,27
1589,27
1590,27
1591,21
1592,18
1593,2
1594,2
1595,7
1596,4
1597,2
1598,7
1599,7
1600,-1
1601,9
1602,7
1603,11
1604,9
1605,13
1606,9
1607,17
1608,17
1609,17
1610,13
1611,19
1612,17
1613,24
1614,24
1615,21
1616,24
1617,19
1618,7
1619,2
1620,2
1621,-1
1622,4
1623,2
1624,7
1625,7
1626,4
1627,7
1628,8
1629,13
1630,12
1631,13
1632,9
1633,13
1634,18
1635,18
1636,18
1637,13
1638,2
1639,4
1640,3
1641,3
1642,4
1643,7
1644,7
1645,7
1646,-1
1647,10
1648,10
1649,7
1650,13
1651,13
1652,10
1653,19
1654,19
1655,19
1656,19
1657,19
1658,13
1659,23
1660,23
1661,23
1662,19
1663,26
1664,26
1665,23
1666,29
1667,29
1668,26
1669,23
1670,7
1671,1
1672,13
1673,3
1674,1
1675,5
1676,3
1677,9
1678,8
1679,9
1680,3
1681,13
1682,13
1683,13
1684,-1
1685,17
1686,17
1687,17
1688,13
1689,20
1690,20
1691,17
1692,13
1693,2
1694,2
1695,24
1696,4
1697,2
1698,24
1699,8
1700,8
1701,24
1702,24
1703,12
1704,12
1705,24
1706,15
1707,15
1708,12
1709,17
1710,12
1711,17
1712,24
1713,24
1714,24
1715,24
1716,24
1717,-1
1718,26
1719,24
1720,26
1721,26
1722,26
1723,24
1724,34
1725,34
1726,34
1727,24
1728,44
1729,44
1730,38
1731,44
1732,41
1733,41
1734,38
1735,44
1736,44
1737,34
1738,24
1739,1
1740,3
1741,3
1742,-1
1743,5
1744,3
1745,7
1746,5
1747,10
1748,10
1749,7
1750,3
1751,15
1752,15
1753,15
1754,3
1755,17
1756,15
1757,24
1758,23
1759,23
1760,22
1761,23
1762,18
1763,17
1764,3
1765,1
1766,-1
1767,3
1768,1
1769,5
1770,3
1771,7
1772,3
1773,9
1774,7
1775,11
1776,7
1777,15
1778,15
1779,15
1780,11
1781,15
1782,20
1783,20
1784,20
1785,1
1786,23
1787,23
1788,20
1789,26
1790,26
1791,20
1792,28
1793,26
1794,30
1795,28
1796,34
1797,34
1798,34
1799,26
1800,37
1801,37
1802,34
1803,40
1804,40
1805,37
1806,1
1807,6
1808,6
1809,6
1810,6
1811,6
1812,6
1813,-1
1814,10
1815,10
1816,10
1817,6
1818,6
1819,6
1820,16
1821,16
1822,16
1823,19
1824,19
1825,19
1826,6
1827,21
1828,19
1829,23
1830,21
1831,25
1832,23
1833,30
1834,30
1835,30
1836,30
1837,25
1838,33
1839,33
1840,30
1841,6
1842,2
1843,2
1844,-1
1845,2
1846,5
1847,5
1848,5
1849,4
1850,5
1851,-1
1852,7
1853,5
1854,5
1855,3
1856,3
1857,3
1858,-1
1859,5
1860,3
1861,8
1862,8
1863,5
1864,10
1865,5
1866,12
1867,3
1868,12
1869,12
1870,17
1871,17
1872,14
1873,23
1874,23
1875,23
1876,23
1877,23
1878,3
1879,26
1880,26
1881,23
1882,3
1883,4
1884,4
1885,4
1886,4
1887,-1
1888,7
1889,7
1890,4
1891,9
1892,7
1893,15
1894,15
1895,15
1896,15
1897,15
1898,9
1899,4
1900,4
1901,4
1902,3
1903,4
1904,17
1905,7
1906,7
1907,4
1908,7
1909,17
1910,17
1911,17
1912,17
1913,17
1914,17
1915,17
1916,17
1917,-1
1918,17
1919,20
1920,18
1921,25
1922,25
1923,25
1924,25
1925,20
1926,25
1927,29
1928,29
1929,20
1930,17
1931,3
1932,3
1933,3
1934,-1
1935,5
1936,3
1937,11
1938,11
1939,11
1940,10
1941,11
1942,5
1943,3
1944,1
1945,7
1946,7
1947,7
1948,7
1949,7
1950,7
1951,-1
1952,7
1953,10
1954,8
1955,12
1956,8
1957,15
1958,15
1959,12
1960,12
1961,18
1962,16
1963,23
1964,23
1965,23
1966,23
1967,7
1968,26
1969,26
1970,23
1971,29
1972,29
1973,26
1974,32
1975,32
1976,29
1977,7
1978,4
1979,4
1980,4
1981,4
1982,7
1983,7
1984,7
1985,-1
1986,12
1987,11
1988,11
1989,12
1990,7
1991,14
1992,12
1993,16
1994,28
1995,20
1996,20
1997,20
1998,28
1999,20
2000,24
2001,24
2002,21
2003,28
2004,28
2005,28
2006,14
2007,7
2008,32
2009,32
2010,7
2011,34
2012,32
2013,38
2014,38
2015,38
2016,34
2017,7
2018,-1
2019,0
2020,0
2021,2
2022,5
2023,2
2024,9
2025,9
2026,9
2027,5
2028,9
2029,12
2030,9
2031,15
2032,15
2033,12
2034,17
2035,15
2036,20
2037,20
2038,12
2039,0
2040,2
2041,2
2042,6
2043,6
2044,5
2045,6
2046,-1
2047,9
2048,9
2049,6
2050,11
2051,6
2052,11
2053,16
2054,16
2055,16
2056,12
2057,16
2058,20
2059,20
2060,11
2061,23
2062,23
2063,20
2064,30
2065,26
2066,30
2067,28
2068,26
2069,30
2070,6
2071,32
2072,38
2073,34
2074,32
2075,32
2076,38
2077,38
2078,30
2079,41
2080,41
2081,38
2082,44
2083,44
2084,41
2085,6
2086,2
2087,2
2088,3
2089,-1
2090,3
2091,3
2092,3
2093,8
2094,25
2095,11
2096,11
2097,8
2098,14
2099,14
2100,11
2101,17
2102,17
2103,14
2104,19
2105,17
2106,22
2107,22
2108,14
2109,22
2110,25
2111,3
2112,28
2113,28
2114,25
2115,30
2116,25
2117,3
2118,-1
2119,5
2120,3
2121,5
2122,5
2123,0
2124,0
2125,0
2126,4
2127,4
2128,3
2129,4
2130,8
2131,4
2132,7
2133,5
2134,-1
2135,10
2136,8
2137,13
2138,13
2139,10
2140,16
2141,16
2142,8
2143,18
2144,16
2145,8
2146,8
2147,20
2148,8
2149,1
2150,-1
2151,4
2152,4
2153,1
2154,4
2155,7
2156,4
2157,15
2158,10
2159,15
2160,15
2161,15
2162,15
2163,15
2164,7
2165,17
2166,15
2167,1
2168,1
2169,-1
2170,3
2171,1
2172,10
2173,10
2174,10
2175,10
2176,10
2177,10
2178,1
2179,12
2180,23
2181,16
2182,16
2183,16
2184,12
2185,20
2186,20
2187,20
2188,16
2189,23
2190,23
2191,10
2192,23
2193,1
2194,27
2195,25
2196,32
2197,32
2198,32
2199,32
2200,27
2201,34
2202,32
2203,36
2204,27
2205,39
2206,39
2207,36
2208,42
2209,42
2210,39
2211,45
2212,45
2213,39
2214,27
2215,1
2216,7
2217,7
2218,7
2219,7
2220,7
2221,7
2222,-1
2223,9
2224,7
2225,11
2226,9
2227,13
2228,9
2229,15
2230,13
2231,17
2232,15
2233,9
2234,23
2235,21
2236,19
2237,23
2238,9
2239,23
2240,28
2241,28
2242,28
2243,24
2244,7
2245,5
2246,0
2247,5
2248,5
2249,5
2250,-1
2251,5
2252,9
2253,9
2254,5
2255,11
2256,9
2257,5
2258,-1
2259,2
2260,0
2261,2
2262,0
2263,2
2264,2
2265,3
2266,-1
2267,3
2268,4
2269,7
2270,3
2271,9
2272,3
2273,12
2274,12
2275,9
2276,14
2277,12
2278,17
2279,17
2280,14
2281,21
2282,21
2283,21
2284,17
2285,24
2286,24
2287,21
2288,3
2289,3
2290,3
2291,29
2292,31
2293,31
2294,27
2295,33
2296,31
2297,3
2298,1
2299,3
2300,3
2301,-1
2302,5
2303,3
2304,5
2305,5
2306,9
2307,7
2308,3
2309,12
2310,3
2311,12
2312,15
2313,12
2314,18
2315,18
2316,19
2317,12
2318,19
2319,23
2320,23
2321,20
2322,26
2323,26
2324,23
2325,3
2326,2
2327,2
2328,-1
2329,9
2330,9
2331,9
2332,8
2333,8
2334,9
2335,2
2336,12
2337,12
2338,2
2339,16
2340,16
2341,16
2342,12
2343,19
2344,19
2345,16
2346,21
2347,19
2348,23
2349,19
2350,26
2351,26
2352,2
2353,28
2354,26
2355,26
2356,31
2357,26
2358,34
2359,34
2360,31
2361,41
2362,41
2363,38
2364,41
2365,40
2366,41
2367,34
2368,2
2369,1
2370,-1
2371,6
2372,6
2373,6
2374,6
2375,1
2376,10
2377,10
2378,10
2379,6
2380,13
2381,13
2382,10
2383,1
2384,3
2385,3
2386,3
2387,-1
2388,6
2389,6
2390,3
2391,3
2392,1
2393,-1
2394,3
2395,1
2396,5
2397,1
2398,5
2399,14
2400,9
2401,14
2402,9
2403,14
2404,14
2405,14
2406,1
2407,17
2408,17
2409,14
2410,19
2411,14
2412,21
2413,19
2414,1
2415,17
2416,5
2417,5
2418,5
2419,5
2420,17
2421,7
2422,5
2423,17
2424,10
2425,17
2426,13
2427,13
2428,10
2429,17
2430,17
2431,17
2432,-1
2433,19
2434,17
2435,21
2436,17
2437,23
2438,17
2439,17
2440,1
2441,-1
2442,1
2443,1
2444,1
2445,1
2446,1
2447,-1
2448,2
2449,0
2450,0
2451,0
2452,0
2453,7
2454,0
2455,-1
2456,0
2457,0
2458,0
2459,0
2460,6
2461,0
2462,-1
2463,0
2464,0
2465,4
2466,2
2467,7
2468,7
2469,2
2470,1
2471,-1
2472,1
2473,1
2474,1
2475,6
2476,1
2477,-1
2478,0
2479,0
2480,0
2481,0
2482,0
2483,7
2484,0
2485,6
2486,6
2487,6
2488,6
2489,5
2490,3
2491,-1
2492,-1
2493,0
2494,0
2495,0
2496,0
2497,0
2498,-1
2499,0
2500,3
2501,1
2502,5
2503,1
2504,1
2505,1
2506,2
2507,-1
2508,2
2509,2
2510,4
2511,7
2512,4
2513,-1
2514,0
2515,1
2516,0
2517,0
2518,0
2519,0
2520,0
2521,1
2522,2
2523,-1
2524,2
2525,2
2526,2
2527,7
2528,2
2529,2
2530,2
2531,-1
2532,2
2533,2
2534,2
2535,7
2536,2
2537,1
2538,-1
2539,1
2540,1
2541,1
2542,6
2543,1
2544,1
2545,-1
2546,1
2547,1
2548,1
2549,6
2550,1
2551,6
2552,6
2553,6
2554,1
2555,10
2556,-1
2557,0
2558,6
2559,6
2560,6
2561,6
2562,0
2563,1
2564,-1
2565,1
2566,1
2567,3
2568,6
2569,3
2570,1
2571,2
2572,-1
2573,2
2574,2
2575,2
2576,7
2577,2
2578,1
2579,-1
2580,1
2581,1
2582,1
2583,6
2584,1
2585,1
2586,10
2587,10
2588,1
2589,13
2590,13
2591,10
2592,18
2593,18
2594,18
2595,18
2596,13
2597,20
2598,18
2599,23
2600,23
2601,24
2602,13
2603,1
2604,27
2605,1
2606,27
2607,27
2608,27
2609,27
2610,1
2611,1
2612,-1
2613,1
2614,1
2615,1
2616,1
2617,1
2618,1
2619,1
2620,-1
2621,0
2622,0
2623,0
2624,0
2625,0
2626,0
2627,5
2628,5
2629,5
2630,5
2631,5
2632,-1
2633,5
2634,1
2635,6
2636,6
2637,6
2638,6
2639,6
2640,-1
2641,6
2642,-1
2643,0
2644,3
2645,1
2646,5
2647,1
2648,7
2649,1
2650,0
2651,-1
2652,0
2653,0
2654,0
2655,0
2656,0
2657,0
2658,0
2659,-1
2660,0
2661,1
2662,1
2663,0
2664,0
2665,0
2666,2
2667,2
2668,-1
2669,2
2670,2
2671,2
2672,2
2673,2
2674,-1
2675,0
2676,3
2677,0
2678,0
2679,4
2680,7
2681,0
2682,9
2683,0
2684,0
2685,2
2686,2
2687,-1
2688,2
2689,2
2690,2
2691,2
2692,2
2693,1
2694,-1
2695,1
2696,1
2697,1
2698,7
2699,7
2700,1
2701,1
2702,1
2703,1
2704,2
2705,2
2706,-1
2707,4
2708,2
2709,2
2710,8
2711,8
2712,2
2713,12
2714,12
2715,12
2716,8
2717,16
2718,16
2719,16
2720,12
2721,12
2722,21
2723,21
2724,21
2725,12
2726,27
2727,27
2728,25
2729,26
2730,27
2731,21
2732,2
2733,5
2734,5
2735,5
2736,5
2737,5
2738,-1
2739,8
2740,8
2741,5
2742,8
2743,14
2744,14
2745,14
2746,14
2747,8
2748,5
2749,3
2750,3
2751,3
2752,22
2753,5
2754,22
2755,8
2756,8
2757,5
2758,16
2759,12
2760,12
2761,16
2762,16
2763,16
2764,16
2765,5
2766,16
2767,22
2768,20
2769,22
2770,22
2771,-1
2772,22
2773,22
2774,26
2775,22
2776,40
2777,29
2778,40
2779,32
2780,32
2781,29
2782,35
2783,35
2784,29
2785,37
2786,29
2787,40
2788,40
2789,26
2790,40
2791,44
2792,44
2793,40
2794,48
2795,48
2796,48
2797,44
2798,48
2799,48
2800,22
2801,22
2802,1
2803,5
2804,5
2805,5
2806,5
2807,-1
2808,5
2809,2
2810,2
2811,9
2812,2
2813,2
2814,7
2815,7
2816,2
2817,9
2818,-1
2819,14
2820,14
2821,14
2822,14
2823,9
2824,18
2825,18
2826,18
2827,14
2828,23
2829,23
2830,23
2831,23
2832,14
2833,9
2834,1
2835,-1
2836,5
2837,5
2838,5
2839,1
2840,7
2841,1
2842,7
2843,10
2844,13
2845,13
2846,13
2847,8
2848,17
2849,16
2850,14
2851,13
2852,19
2853,13
2854,19
2855,24
2856,24
2857,24
2858,20
2859,28
2860,28
2861,28
2862,19
2863,32
2864,32
2865,32
2866,28
2867,1
2868,4
2869,2
2870,4
2871,4
2872,11
2873,11
2874,11
2875,11
2876,11
2877,10
2878,11
2879,-1
2880,20
2881,18
2882,18
2883,18
2884,18
2885,18
2886,20
2887,20
2888,11
2889,22
2890,20
2891,22
2892,22
2893,28
2894,28
2895,28
2896,22
2897,11
2898,1
2899,5
2900,5
2901,5
2902,5
2903,-1
2904,10
2905,10
2906,7
2907,10
2908,5
2909,12
2910,10
2911,16
2912,16
2913,16
2914,12
2915,19
2916,19
2917,16
2918,5
2919,3
2920,3
2921,3
2922,-1
2923,6
2924,6
2925,3
2926,8
2927,6
2928,3
2929,2
2930,2
2931,7
2932,4
2933,2
2934,7
2935,7
2936,-1
2937,12
2938,12
2939,12
2940,12
2941,7
2942,15
2943,15
2944,12
2945,15
2946,18
2947,12
2948,20
2949,18
2950,22
2951,20
2952,22
2953,22
2954,7
2955,4
2956,4
2957,4
2958,4
2959,-1
2960,6
2961,4
2962,10
2963,10
2964,10
2965,6
2966,6
2967,13
2968,6
2969,6
2970,18
2971,18
2972,18
2973,4
2974,4
2975,26
2976,26
2977,26
2978,26
2979,26
2980,26
2981,4
2982,4
2983,3
2984,3
2985,3
2986,7
2987,7
2988,6
2989,7
2990,-1
2991,12
2992,12
2993,12
2994,12
2995,7
2996,16
2997,16
2998,16
2999,12
3000,20
3001,20
3002,20
3003,16
3004,22
3005,20
3006,24
3007,20
3008,26
3009,24
3010,26
3011,31
3012,30
3013,31
3014,26
3015,7
3016,1
3017,4
3018,4
3019,4
3020,-1
3021,6
3022,4
3023,15
3024,15
3025,11
3026,11
3027,15
3028,14
3029,14
3030,15
3031,4
3032,18
3033,18
3034,15
3035,20
3036,18
3037,22
3038,20
3039,24
3040,22
3041,28
3042,28
3043,28
3044,22
3045,28
3046,31
3047,28
3048,33
3049,31
3050,33
3051,4
3052,2
3053,2
3054,10
3055,10
3056,6
3057,6
3058,10
3059,10
3060,10
3061,10
3062,-1
3063,14
3064,14
3065,14
3066,10
3067,18
3068,18
3069,18
3070,14
3071,20
3072,18
3073,20
3074,10
3075,24
3076,28
3077,26
3078,28
3079,28
3080,10
3081,10
3082,3
3083,3
3084,3
3085,-1
3086,7
3087,7
3088,7
3089,15
3090,11
3091,11
3092,11
3093,7
3094,13
3095,11
3096,15
3097,3
3098,18
3099,18
3100,15
3101,21
3102,21
3103,18
3104,23
3105,21
3106,25
3107,21
3108,3
3109,2
3110,2
3111,-1
3112,5
3113,5
3114,2
3115,8
3116,8
3117,5
3118,10
3119,8
3120,12
3121,10
3122,2
3123,4
3124,4
3125,4
3126,4
3127,-1
3128,8
3129,8
3130,8
3131,4
3132,12
3133,12
3134,12
3135,8
3136,12
3137,15
3138,12
3139,20
3140,19
3141,19
3142,20
3143,15
3144,22
3145,20
3146,27
3147,27
3148,27
3149,27
3150,22
3151,31
3152,31
3153,31
3154,27
3155,35
3156,35
3157,35
3158,31
3159,4
3160,5
3161,2
3162,5
3163,5
3164,5
3165,-1
3166,7
3167,5
3168,7
3169,11
3170,11
3171,8
3172,17
3173,17
3174,17
3175,17
3176,17
3177,11
3178,20
3179,20
3180,17
3181,20
3182,24
3183,24
3184,20
3185,27
3186,27
3187,24
3188,17
3189,11
3190,6
3191,3
3192,3
3193,0
3194,6
3195,6
3196,-1
3197,9
3198,9
3199,6
3200,11
3201,29
3202,17
3203,17
3204,13
3205,17
3206,17
3207,11
3208,25
3209,25
3210,22
3211,22
3212,24
3213,24
3214,25
3215,17
3216,28
3217,28
3218,25
3219,9
3220,6
3221,9
3222,2
3223,0
3224,9
3225,5
3226,8
3227,8
3228,8
3229,9
3230,-1
3231,13
3232,13
3233,13
3234,17
3235,15
3236,13
3237,17
3238,9
3239,19
3240,17
3241,22
3242,22
3243,19
3244,25
3245,25
3246,17
3247,28
3248,28
3249,25
3250,31
3251,31
3252,28
3253,9
3254,3
3255,3
3256,3
3257,-1
3258,6
3259,6
3260,3
3261,9
3262,9
3263,6
3264,11
3265,6
3266,14
3267,14
3268,11
3269,3
3270,3
3271,3
3272,3
3273,-1
3274,3
3275,9
3276,8
3277,8
3278,9
3279,4
3280,11
3281,9
3282,16
3283,16
3284,16
3285,16
3286,9
3287,16
3288,3
3289,1
3290,15
3291,3
3292,7
3293,7
3294,7
3295,7
3296,1
3297,11
3298,11
3299,11
3300,1
3301,15
3302,15
3303,15
3304,-1
3305,18
3306,18
3307,15
3308,22
3309,22
3310,22
3311,18
3312,24
3313,22
3314,26
3315,22
3316,32
3317,32
3318,31
3319,31
3320,32
3321,18
3322,34
3323,15
3324,34
3325,37
3326,35
3327,39
3328,37
3329,41
3330,43
3331,43
3332,39
3333,49
3334,49
3335,49
3336,49
3337,49
3338,15
3339,49
3340,55
3341,55
3342,54
3343,55
3344,50
3345,15
3346,1
3347,5
3348,3
3349,1
3350,5
3351,-1
3352,7
3353,5
3354,9
3355,5
3356,5
3357,1
3358,-1
3359,3
3360,10
3361,5
3362,10
3363,7
3364,10
3365,10
3366,10
3367,1
3368,14
3369,14
3370,14
3371,10
3372,18
3373,15
3374,15
3375,14
3376,1
3377,1
3378,-1
3379,1
3380,1
3381,5
3382,1
3383,18
3384,10
3385,10
3386,10
3387,18
3388,13
3389,13
3390,10
3391,18
3392,18
3393,18
3394,18
3395,5
3396,20
3397,18
3398,22
3399,18
3400,22
3401,29
3402,29
3403,29
3404,29
3405,29
3406,18
3407,29
3408,1
3409,1
3410,6
3411,6
3412,6
3413,6
3414,6
3415,-1
3416,8
3417,6
3418,10
3419,8
3420,15
3421,13
3422,15
3423,15
3424,6
3425,6
3426,2
3427,0
3428,5
3429,5
3430,5
3431,-1
3432,7
3433,5
3434,7
3435,12
3436,12
3437,12
3438,15
3439,15
3440,15
3441,5
3442,5
3443,1
3444,2
3445,-1
3446,2
3447,2
3448,8
3449,8
3450,8
3451,11
3452,11
3453,11
3454,2
3455,2
3456,2
3457,1
3458,5
3459,5
3460,5
3461,5
3462,-1
3463,5
3464,5
3465,2
3466,2
3467,-1
3468,8
3469,8
3470,6
3471,4
3472,8
3473,2
3474,10
3475,8
3476,8
3477,13
3478,11
3479,2
3480,2
3481,2
3482,-1
3483,4
3484,2
3485,8
3486,8
3487,8
3488,4
3489,10
3490,2
3491,12
3492,10
3493,15
3494,15
3495,12
3496,10
3497,10
3498,20
3499,20
3500,10
3501,22
3502,20
3503,24
3504,22
3505,2
3506,-1
3507,2
3508,3
3509,0
3510,5
3511,3
3512,9
3513,8
3514,9
3515,17
3516,15
3517,15
3518,14
3519,14
3520,15
3521,9
3522,17
3523,3
3524,27
3525,21
3526,21
3527,27
3528,23
3529,21
3530,26
3531,26
3532,21
3533,17
3534,29
3535,27
3536,32
3537,32
3538,27
3539,39
3540,36
3541,36
3542,39
3543,36
3544,39
3545,50
3546,39
3547,42
3548,40
3549,50
3550,50
3551,50
3552,47
3553,49
3554,49
3555,50
3556,32
3557,0
3558,2
3559,2
3560,21
3561,4
3562,2
3563,7
3564,5
3565,2
3566,10
3567,10
3568,7
3569,21
3570,21
3571,21
3572,21
3573,17
3574,17
3575,18
3576,20
3577,20
3578,21
3579,-1
3580,28
3581,25
3582,25
3583,28
3584,28
3585,28
3586,21
3587,34
3588,34
3589,34
3590,33
3591,34
3592,28
3593,36
3594,34
3595,34
3596,21
3597,42
3598,42
3599,42
3600,21
3601,46
3602,46
3603,46
3604,42
3605,21
3606,3
3607,3
3608,3
3609,10
3610,5
3611,3
3612,5
3613,10
3614,10
3615,10
3616,-1
3617,12
3618,10
3619,10
3620,-1
3621,0
3622,3
3623,0
3624,5
3625,0
3626,8
3627,8
3628,5
3629,14
3630,14
3631,12
3632,13
3633,14
3634,8
3635,19
3636,19
3637,19
3638,19
3639,14
3640,0
3641,3
3642,3
3643,3
3644,-1
3645,3
3646,1
3647,6
3648,6
3649,6
3650,6
3651,6
3652,-1
3653,11
3654,11
3655,11
3656,11
3657,21
3658,15
3659,15
3660,15
3661,21
3662,17
3663,15
3664,21
3665,21
3666,21
3667,6
3668,21
3669,6
3670,2
3671,2
3672,-1
3673,4
3674,2
3675,9
3676,8
3677,8
3678,9
3679,2
3680,11
3681,9
3682,2
3683,2
3684,15
3685,13
3686,15
3687,19
3688,19
3689,15
3690,19
3691,22
3692,19
3693,2
3694,7
3695,7
3696,3
3697,7
3698,6
3699,6
3700,7
3701,-1
3702,10
3703,10
3704,7
3705,13
3706,13
3707,10
3708,16
3709,16
3710,13
3711,16
3712,21
3713,21
3714,21
3715,16
3716,10
3717,7
3718,1
3719,5
3720,5
3721,5
3722,5
3723,-1
3724,7
3725,5
3726,9
3727,7
3728,15
3729,15
3730,15
3731,15
3732,15
3733,9
3734,19
3735,19
3736,19
3737,15
3738,22
3739,22
3740,19
3741,19
3742,26
3743,26
3744,19
3745,26
3746,5
3747,3
3748,3
3749,3
3750,-1
3751,5
3752,3
3753,8
3754,8
3755,5
3756,3
3757,2
3758,2
3759,-1
3760,4
3761,2
3762,7
3763,7
3764,2
3765,2
3766,2
3767,2
3768,-1
3769,4
3770,2
3771,6
3772,10
3773,6
3774,10
3775,10
3776,2
3777,2
3778,1
3779,2
3780,-1
3781,4
3782,2
3783,20
3784,20
3785,8
3786,6
3787,11
3788,11
3789,6
3790,14
3791,14
3792,11
3793,6
3794,19
3795,19
3796,19
3797,15
3798,4
3799,23
3800,23
3801,20
3802,23
3803,27
3804,27
3805,23
3806,29
3807,27
3808,2
3809,5
3810,5
3811,5
3812,5
3813,5
3814,-1
3815,8
3816,8
3817,5
3818,8
3819,5
3820,1
3821,-1
3822,3
3823,1
3824,8
3825,8
3826,8
3827,8
3828,1
3829,10
3830,8
3831,16
3832,16
3833,15
3834,15
3835,16
3836,10
3837,1
3838,20
3839,20
3840,1
3841,1
3842,4
3843,4
3844,4
3845,4
3846,-1
3847,7
3848,7
3849,4
3850,11
3851,11
3852,11
3853,7
3854,7
3855,14
3856,7
3857,14
3858,21
3859,21
3860,21
3861,21
3862,21
3863,14
3864,21
3865,24
3866,21
3867,27
3868,27
3869,24
3870,30
3871,30
3872,24
3873,32
3874,30
3875,41
3876,37
3877,34
3878,34
3879,41
3880,41
3881,41
3882,41
3883,24
3884,41
3885,45
3886,45
3887,41
3888,41
3889,48
3890,50
3891,50
3892,46
3893,50
3894,55
3895,55
3896,55
3897,50
3898,4
3899,4
3900,4
3901,4
3902,4
3903,6
3904,6
3905,-1
3906,6
3907,10
3908,10
3909,6
3910,13
3911,13
3912,10
3913,6
3914,3
3915,3
3916,3
3917,-1
3918,6
3919,6
3920,3
3921,9
3922,9
3923,3
3924,13
3925,10
3926,13
3927,3
3928,13
3929,3
3930,2
3931,2
3932,-1
3933,5
3934,5
3935,2
3936,2
3937,1
3938,4
3939,4
3940,4
3941,-1
3942,8
3943,8
3944,8
3945,4
3946,4
3947,9
3948,2
3949,9
3950,4
3951,2
3952,9
3953,9
3954,6
3955,6
3956,-1
3957,11
3958,9
3959,14
3960,14
3961,11
3962,9
3963,2
3964,2
3965,4
3966,4
3967,-1
3968,7
3969,7
3970,4
3971,10
3972,10
3973,7
3974,17
3975,17
3976,17
3977,17
3978,16
3979,17
3980,7
3981,20
3982,20
3983,17
3984,4
3985,1
3986,-1
3987,6
3988,6
3989,6
3990,6
3991,1
3992,8
3993,6
3994,11
3995,11
3996,8
3997,13
3998,6
3999,15
4000,13
4001,18
4002,18
4003,15
4004,18
4005,1
4006,-1
4007,3
4008,3
4009,0
4010,6
4011,6
4012,0
4013,8
4014,6
4015,8
4016,8
4017,0
4018,13
4019,0
4020,15
4021,13
4022,0
4023,20
4024,20
4025,20
4026,0
4027,20
4028,24
4029,24
4030,20
4031,27
4032,27
4033,24
4034,0
4035,6
4036,0
4037,6
4038,6
4039,6
4040,6
4041,-1
4042,6
4043,10
4044,10
4045,6
4046,6
4047,11
4048,2
4049,11
4050,5
4051,5
4052,2
4053,8
4054,8
4055,5
4056,11
4057,11
4058,-1
4059,11
4060,16
4061,13
4062,16
4063,11
4064,11
4065,4
4066,4
4067,4
4068,4
4069,-1
4070,4
4071,1
4072,-1
4073,4
4074,4
4075,1
4076,4
4077,1
4078,1
4079,5
4080,5
4081,5
4082,5
4083,-1
4084,5
4085,8
4086,5
4087,5
4088,4
4089,4
4090,4
4091,4
4092,-1
4093,4
4094,7
4095,4
4096,9
4097,7
4098,13
4099,13
4100,13
4101,7
4102,13
4103,3
4104,3
4105,3
4106,-1
4107,3
4108,3
4109,3
4110,3
4111,3
4112,-1
4113,-1
4114,0
4115,0
4116,-1
4117,2
4118,0
4119,4
4120,2
4121,6
4122,2
4123,9
4124,9
4125,2
4126,13
4127,13
4128,13
4129,9
4130,13
4131,0
4132,-1
4133,0
4134,4
4135,4
4136,0
4137,4
4138,1
4139,-1
4140,1
4141,1
4142,1
4143,2
4144,2
4145,-1
4146,2
4147,2
4148,2
4149,2
4150,3
4151,3
4152,3
4153,-1
4154,3
4155,3
4156,1
4157,-1
4158,1
4159,2
4160,2
4161,-1
4162,6
4163,6
4164,6
4165,2
4166,2
4167,2
4168,-1
4169,2
4170,1
4171,-1
4172,3
4173,1
4174,3
4175,1
4176,2
4177,2
4178,-1
4179,2
4180,2
4181,3
4182,3
4183,3
4184,-1
4185,3
4186,3
4187,3
4188,3
4189,6
4190,6
4191,6
4192,-1
4193,6
4194,9
4195,7
4196,6
4197,2
4198,2
4199,-1
4200,4
4201,2
4202,6
4203,4
4204,2
4205,1
4206,-1
4207,1
4208,2
4209,2
4210,7
4211,7
4212,7
4213,7
4214,7
4215,-1
4216,9
4217,7
4218,9
4219,9
4220,7
4221,15
4222,15
4223,7
4224,17
4225,15
4226,19
4227,17
4228,7
4229,3
4230,3
4231,3
4232,-1
4233,2
4234,2
4235,-1
4236,2
4237,5
4238,3
4239,7
4240,5
4241,5
4242,10
4243,5
4244,10
4245,5
4246,-1
4247,4
4248,4
4249,4
4250,0
4251,7
4252,7
4253,4
4254,0
4255,4
4256,4
4257,4
4258,4
4259,-1
4260,4
4261,7
4262,4
4263,7
4264,4
4265,4
4266,4
4267,4
4268,4
4269,-1
4270,4
4271,4
4272,3
4273,3
4274,3
4275,-1
4276,3
4277,2
4278,2
4279,-1
4280,2
4281,2
4282,2
4283,1
4284,-1
4285,1
4286,1
4287,-1
4288,1
4289,3
4290,3
4291,3
4292,-1
4293,5
4294,3
4295,5
4296,10
4297,10
4298,10
4299,5
4300,12
4301,3
4302,14
4303,12
4304,12
4305,3
4306,3
4307,3
4308,3
4309,-1
4310,5
4311,3
4312,5
4313,3
4314,4
4315,4
4316,4
4317,4
4318,-1
4319,4
4320,4
4321,10
4322,10
4323,10
4324,4
4325,12
4326,10
4327,4
4328,1
4329,-1
4330,1
4331,1
4332,1
4333,1
4334,-1
4335,3
4336,1
4337,5
4338,3
4339,1
4340,1
4341,-1
4342,3
4343,1
4344,1
4345,1
4346,1
4347,-1
4348,3
4349,1
4350,3
4351,8
4352,7
4353,8
4354,3
4355,13
4356,13
4357,13
4358,13
4359,8
4360,1
4361,1
4362,-1
4363,3
4364,1
4365,1
4366,1
4367,-1
4368,3
4369,1
4370,5
4371,3
4372,1
4373,2
4374,2
4375,-1
4376,2
4377,9
4378,9
4379,9
4380,9
4381,7
4382,2
4383,2
4384,4
4385,4
4386,4
4387,4
4388,-1
4389,4
4390,1
4391,-1
4392,1
4393,4
4394,1
4395,1
4396,2
4397,2
4398,-1
4399,2
4400,4
4401,4
4402,4
4403,4
4404,-1
4405,4
4406,3
4407,3
4408,3
4409,-1
4410,3
4411,2
4412,2
4413,-1
4414,2
4415,2
4416,7
4417,7
4418,2
4419,7
4420,2
4421,2
4422,2
4423,-1
4424,4
4425,2
4426,2
4427,6
4428,6
4429,6
4430,6
4431,5
4432,6
4433,-1
4434,6
4435,13
4436,13
4437,11
4438,13
4439,13
4440,7
4441,6
4442,3
4443,3
4444,3
4445,-1
4446,3
4447,3
4448,4
4449,4
4450,4
4451,4
4452,-1
4453,4
4454,4
4455,3
4456,3
4457,3
4458,-1
4459,3
4460,6
4461,4
4462,3
4463,1
4464,-1
4465,6
4466,6
4467,6
4468,6
4469,1
4470,6
4471,9
4472,6
4473,13
4474,13
4475,13
4476,9
4477,15
4478,13
4479,1
4480,1
4481,-1
4482,1
4483,6
4484,6
4485,6
4486,1
4487,8
4488,6
4489,10
4490,8
4491,1
4492,3
4493,3
4494,3
4495,-1
4496,5
4497,9
4498,9
4499,9
4500,9
4501,3
4502,3
4503,2
4504,2
4505,-1
4506,4
4507,2
4508,8
4509,8
4510,8
4511,4
4512,8
4513,2
4514,-1
4515,3
4516,3
4517,0
4518,0
4519,2
4520,2
4521,-1
4522,4
4523,2
4524,8
4525,8
4526,8
4527,2
4528,10
4529,8
4530,8
4531,13
4532,11
4533,2
4534,2
4535,2
4536,-1
4537,5
4538,5
4539,2
4540,7
4541,5
4542,2
4543,3
4544,3
4545,3
4546,-1
4547,6
4548,6
4549,3
4550,10
4551,10
4552,10
4553,3
4554,10
4555,13
4556,10
4557,15
4558,10
4559,3
4560,3
4561,3
4562,3
4563,-1
4564,5
4565,8
4566,8
4567,8
4568,3
4569,8
4570,3
4571,-1
4572,0
4573,3
4574,0
4575,3
4576,7
4577,7
4578,0
4579,9
4580,7
4581,7
4582,14
4583,14
4584,14
4585,0
4586,18
4587,18
4588,18
4589,14
4590,20
4591,18
4592,22
4593,18
4594,0
4595,2
4596,2
4597,-1
4598,7
4599,5
4600,7
4601,7
4602,2
4603,11
4604,11
4605,11
4606,7
4607,2
4608,2
4609,2
4610,7
4611,2
4612,7
4613,7
4614,7
4615,-1
4616,9
4617,7
4618,13
4619,13
4620,13
4621,9
4622,15
4623,13
4624,21
4625,19
4626,19
4627,21
4628,21
4629,7
4630,21
4631,21
4632,7
4633,3
4634,3
4635,3
4636,-1
4637,6
4638,6
4639,3
4640,6
4641,10
4642,10
4643,7
4644,15
4645,15
4646,15
4647,15
4648,3
4649,17
4650,15
4651,3
4652,1
4653,-1
4654,1
4655,1
4656,2
4657,-1
4658,6
4659,6
4660,4
4661,2
4662,2
4663,3
4664,3
4665,3
4666,-1
4667,7
4668,7
4669,7
4670,3
4671,3
4672,2
4673,0
4674,-1
4675,4
4676,2
4677,6
4678,7
4679,4
4680,10
4681,10
4682,7
4683,10
4684,13
4685,10
4686,13
4687,16
4688,13
4689,16
4690,16
4691,1
4692,-1
4693,1
4694,1
4695,1
4696,15
4697,8
4698,8
4699,5
4700,8
4701,5
4702,5
4703,15
4704,11
4705,11
4706,8
4707,15
4708,15
4709,15
4710,-1
4711,17
4712,15
4713,20
4714,20
4715,17
4716,22
4717,17
4718,29
4719,29
4720,29
4721,29
4722,29
4723,29
4724,22
4725,32
4726,32
4727,29
4728,15
4729,2
4730,0
4731,-1
4732,4
4733,2
4734,6
4735,7
4736,4
4737,10
4738,10
4739,7
4740,10
4741,13
4742,10
4743,13
4744,16
4745,13
4746,16
4747,16
4748,1
4749,-1
4750,1
4751,-1
4752,0
4753,0
4754,1
4755,-1
4756,5
4757,5
4758,5
4759,1
4760,5
4761,10
4762,10
4763,10
4764,6
4765,5
4766,16
4767,16
4768,16
4769,16
4770,5
4771,1
4772,-1
4773,4
4774,4
4775,4
4776,0
4777,0
4778,-1
4779,0
4780,4
4781,4
4782,0
4783,4
4784,0
4785,1
4786,-1
4787,1
4788,1
4789,-1
4790,1
4791,4
4792,1
4793,7
4794,7
4795,1
4796,9
4797,7
4798,11
4799,9
4800,1
4801,2
4802,2
4803,-1
4804,4
4805,5
4806,2
4807,-1
4808,0
4809,0
4810,2
4811,0
4812,4
4813,1
4814,-1
4815,1
4816,1
4817,3
4818,1
4819,-1
4820,1
4821,1
4822,3
4823,1
4824,-1
4825,1
4826,1
4827,6
4828,6
4829,3
4830,9
4831,9
4832,6
4833,1
4834,1
4835,-1
4836,5
4837,5
4838,5
4839,1
4840,11
4841,8
4842,11
4843,8
4844,11
4845,5
4846,1
4847,3
4848,3
4849,3
4850,-1
4851,3
4852,2
4853,2
4854,-1
4855,4
4856,2
4857,2
4858,2
4859,2
4860,-1
4861,4
4862,2
4863,4
4864,8
4865,8
4866,5
4867,2
4868,1
4869,-1
4870,3
4871,1
4872,1
4873,1
4874,-1
4875,1
4876,-1
4877,5
4878,5
4879,5
4880,5
4881,0
4882,0
4883,3
4884,3
4885,3
4886,-1
4887,3
4888,3
4889,2
4890,2
4891,-1
4892,4
4893,2
4894,8
4895,8
4896,8
4897,4
4898,11
4899,11
4900,8
4901,11
4902,2
4903,1
4904,-1
4905,3
4906,1
4907,7
4908,7
4909,7
4910,9
4911,9
4912,3
4913,11
4914,12
4915,9
4916,18
4917,18
4918,16
4919,18
4920,16
4921,12
4922,20
4923,12
4924,22
4925,52
4926,24
4927,22
4928,27
4929,27
4930,24
4931,29
4932,22
4933,33
4934,33
4935,33
4936,22
4937,33
4938,39
4939,39
4940,38
4941,39
4942,33
4943,42
4944,42
4945,39
4946,44
4947,42
4948,48
4949,45
4950,48
4951,44
4952,52
4953,52
4954,52
4955,1
4956,1
4957,5
4958,5
4959,5
4960,5
4961,5
4962,-1
4963,5
4964,5
4965,3
4966,3
4967,3
4968,-1
4969,3
4970,8
4971,8
4972,8
4973,3
4974,12
4975,12
4976,12
4977,8
4978,14
4979,12
4980,14
4981,17
4982,14
4983,3
4984,3
4985,3
4986,3
4987,-1
4988,7
4989,7
4990,7
4991,3
4992,13
4993,13
4994,12
4995,12
4996,13
4997,7
4998,13
4999,13
5000,3
5001,2
5002,2
5003,-1
5004,2
5005,2
5006,6
5007,2
5008,2
5009,10
5010,10
5011,7
5012,12
5013,10
5014,16
5015,16
5016,16
5017,12
5018,16
5019,16
5020,10
5021,1
5022,-1
5023,3
5024,1
5025,1
5026,2
5027,2
5028,-1
5029,2
5030,1
5031,-1
5032,4
5033,4
5034,1
5035,6
5036,4
5037,8
5038,6
5039,11
5040,11
5041,8
5042,16
5043,16
5044,16
5045,16
5046,11
5047,18
5048,16
5049,20
5050,18
5051,1
5052,1
5053,3
5054,3
5055,-1
5056,13
5057,7
5058,7
5059,13
5060,13
5061,11
5062,11
5063,13
5064,13
5065,3
5066,18
5067,18
5068,18
5069,18
5070,13
5071,20
5072,18
5073,3
5074,2
5075,0
5076,6
5077,4
5078,6
5079,6
5080,-1
5081,9
5082,9
5083,6
5084,12
5085,12
5086,9
5087,6
5088,2
5089,2
5090,-1
5091,7
5092,7
5093,6
5094,7
5095,2
5096,10
5097,10
5098,2
5099,13
5100,13
5101,10
5102,2
5103,1
5104,3
5105,3
5106,-1
5107,5
5108,3
5109,3
5110,9
5111,9
5112,3
5113,11
5114,9
5115,13
5116,11
5117,16
5118,16
5119,20
5120,18
5121,20
5122,20
5123,11
5124,23
5125,23
5126,20
5127,23
5128,27
5129,27
5130,23
5131,27
5132,28
5133,32
5134,32
5135,29
5136,32
5137,38
5138,38
5139,38
5140,38
5141,32
5142,32
5143,32
5144,4
5145,4
5146,4
5147,4
5148,-1
5149,4
5150,14
5151,14
5152,14
5153,14
5154,14
5155,14
5156,14
5157,14
5158,4
5159,16
5160,14
5161,20
5162,20
5163,20
5164,16
5165,22
5166,16
5167,4
5168,5
5169,2
5170,0
5171,2
5172,5
5173,-1
5174,5
5175,2
5176,2
5177,-1
5178,5
5179,5
5180,2
5181,5
5182,6
5183,9
5184,6
5185,9
5186,12
5187,9
5188,2
5189,3
5190,3
5191,3
5192,-1
5193,3
5194,3
5195,3
5196,3
5197,3
5198,-1
5199,3
5200,6
5201,3
5202,3
5203,3
5204,3
5205,3
5206,-1
5207,5
5208,3
5209,5
5210,3
5211,3
5212,3
5213,3
5214,-1
5215,5
5216,3
5217,5
5218,8
5219,5
5220,3
5221,2
5222,2
5223,-1
5224,2
5225,2
5226,3
5227,3
5228,3
5229,-1
5230,5
5231,3
5232,9
5233,9
5234,9
5235,5
5236,3
5237,18
5238,18
5239,15
5240,15
5241,18
5242,18
5243,18
5244,3
5245,20
5246,18
5247,22
5248,20
5249,24
5250,20
5251,27
5252,27
5253,24
5254,3
5255,3
5256,3
5257,3
5258,10
5259,10
5260,6
5261,10
5262,8
5263,6
5264,10
5265,-1
5266,12
5267,10
5268,16
5269,16
5270,16
5271,12
5272,10
5273,3
5274,3
5275,3
5276,-1
5277,5
5278,3
5279,5
5280,13
5281,13
5282,13
5283,11
5284,13
5285,13
5286,6
5287,3
5288,9
5289,2
5290,0
5291,4
5292,2
5293,9
5294,9
5295,9
5296,9
5297,-1
5298,13
5299,13
5300,13
5301,9
5302,16
5303,16
5304,13
5305,9
5306,6
5307,6
5308,5
5309,5
5310,5
5311,1
5312,-1
5313,12
5314,12
5315,10
5316,11
5317,12
5318,6
5319,14
5320,12
5321,16
5322,14
5323,6
5324,4
5325,4
5326,4
5327,4
5328,-1
5329,7
5330,7
5331,4
5332,4
5333,1
5334,3
5335,3
5336,-1
5337,3
5338,3
5339,8
5340,8
5341,5
5342,10
5343,8
5344,13
5345,13
5346,10
5347,20
5348,20
5349,19
5350,16
5351,16
5352,20
5353,13
5354,3
5355,2
5356,2
5357,5
5358,5
5359,5
5360,-1
5361,8
5362,8
5363,5
5364,10
5365,8
5366,16
5367,16
5368,16
5369,16
5370,16
5371,8
5372,19
5373,19
5374,16
5375,22
5376,22
5377,16
5378,16
5379,5
5380,-1
5381,3
5382,3
5383,0
5384,5
5385,3
5386,8
5387,8
5388,0
5389,0
5390,1
5391,-1
5392,1
5393,6
5394,6
5395,6
5396,1
5397,8
5398,1
5399,10
5400,1
5401,1
5402,1
5403,-1
5404,3
5405,1
5406,5
5407,3
5408,1
5409,2
5410,2
5411,-1
5412,6
5413,6
5414,6
5415,2
5416,6
5417,6
5418,6
5419,12
5420,12
5421,6
5422,14
5423,12
5424,14
5425,19
5426,19
5427,19
5428,15
5429,2
5430,-1
5431,0
5432,0
5433,7
5434,0
5435,3
5436,0
5437,3
5438,7
5439,7
5440,-1
5441,10
5442,10
5443,7
5444,13
5445,13
5446,7
5447,13
5448,13
5449,17
5450,13
5451,17
5452,24
5453,24
5454,22
5455,24
5456,24
5457,13
5458,13
5459,13
5460,28
5461,13
5462,28
5463,31
5464,13
5465,31
5466,34
5467,32
5468,36
5469,32
5470,31
5471,2
5472,2
5473,-1
5474,2
5475,2
5476,-1
5477,10
5478,8
5479,8
5480,8
5481,8
5482,10
5483,8
5484,2
5485,2
5486,1
5487,-1
5488,3
5489,1
5490,3
5491,7
5492,7
5493,3
5494,7
5495,7
5496,1
5497,3
5498,3
5499,3
5500,-1
5501,5
5502,3
5503,7
5504,3
5505,7
5506,11
5507,11
5508,3
5509,15
5510,15
5511,15
5512,11
5513,15
5514,15
5515,17
5516,3
5517,2
5518,2
5519,-1
5520,4
5521,2
5522,4
5523,7
5524,5
5525,9
5526,5
5527,12
5528,12
5529,5
5530,15
5531,15
5532,5
5533,17
5534,5
5535,2
5536,3
5537,3
5538,3
5539,-1
5540,3
5541,8
5542,8
5543,8
5544,3
5545,3
5546,1
5547,6
5548,6
5549,6
5550,6
5551,6
5552,-1
5553,6
5554,10
5555,10
5556,6
5557,13
5558,13
5559,10
5560,15
5561,6
5562,15
5563,15
5564,17
5565,6
5566,2
5567,2
5568,-1
5569,4
5570,2
5571,6
5572,2
5573,9
5574,9
5575,10
5576,6
5577,13
5578,13
5579,10
5580,2
5581,1
5582,-1
5583,1
5584,2
5585,2
5586,-1
5587,5
5588,2
5589,0
5590,5
5591,5
5592,-1
5593,8
5594,8
5595,5
5596,8
5597,11
5598,9
5599,13
5600,9
5601,15
5602,9
5603,5
5604,1
5605,-1
5606,1
5607,6
5608,6
5609,6
5610,1
5611,1
5612,-1
5613,0
5614,4
5615,4
5616,0
5617,6
5618,4
5619,8
5620,6
5621,0
5622,-1
5623,2
5624,0
5625,4
5626,0
5627,0
5628,8
5629,8
5630,0
5631,8
5632,-1
5633,0
5634,0
5635,4
5636,0
5637,6
5638,0
5639,0
5640,9
5641,0
5642,11
5643,0
5644,11
5645,14
5646,0
5647,14
5648,15
5649,16
5650,0
5651,4
5652,4
5653,1
5654,4
5655,-1
5656,4
5657,7
5658,4
5659,7
5660,10
5661,8
5662,3
5663,3
5664,3
5665,-1
5666,3
5667,3
5668,2
5669,3
5670,9
5671,3
5672,3
5673,9
5674,9
5675,9
5676,-1
5677,9
5678,13
5679,13
5680,14
5681,9
5682,9
5683,1
5684,-1
5685,3
5686,1
5687,-1
5688,2
5689,0
5690,2
5691,2
5692,-1
5693,2
5694,2
5695,6
5696,2
5697,8
5698,2
5699,12
5700,12
5701,12
5702,8
5703,12
5704,13
5705,2
5706,2
5707,2
5708,-1
5709,4
5710,2
5711,7
5712,7
5713,2
5714,9
5715,2
5716,9
5717,15
5718,15
5719,15
5720,15
5721,9
5722,2
5723,5
5724,5
5725,3
5726,5
5727,3
5728,-1
5729,8
5730,8
5731,5
5732,8
5733,11
5734,8
5735,14
5736,14
5737,11
5738,14
5739,8
5740,18
5741,8
5742,5
5743,1
5744,-1
5745,5
5746,5
5747,3
5748,1
5749,5
5750,10
5751,10
5752,10
5753,6
5754,1
5755,2
5756,2
5757,-1
5758,4
5759,2
5760,6
5761,2
5762,2
5763,4
5764,4
5765,4
5766,4
5767,-1
5768,4
5769,5
5770,4
5771,1
5772,-1
5773,1
5774,7
5775,7
5776,6
5777,7
5778,1
5779,1
5780,10
5781,1
5782,1
5783,1
5784,10
5785,1
5786,4
5787,2
5788,6
5789,4
5790,10
5791,10
5792,10
5793,-1
5794,12
5795,10
5796,10
5797,10
5798,6
5799,0
5800,6
5801,4
5802,6
5803,4
5804,-1
5805,11
5806,11
5807,11
5808,11
5809,6
5810,6
5811,2
5812,2
5813,-1
5814,8
5815,8
5816,6
5817,8
5818,8
5819,2
5820,2
5821,2
5822,1
5823,-1
5824,5
5825,5
5826,5
5827,1
5828,7
5829,5
5830,7
5831,8
5832,12
5833,12
5834,9
5835,1
5836,1
5837,-1
5838,4
5839,4
5840,1
5841,4
5842,5
5843,8
5844,5
5845,8
5846,11
5847,5
5848,13
5849,11
5850,13
5851,5
5852,17
5853,5
5854,19
5855,17
5856,23
5857,22
5858,23
5859,17
5860,28
5861,28
5862,28
5863,28
5864,30
5865,30
5866,23
5867,1
5868,1
5869,-1
5870,4
5871,4
5872,1
5873,6
5874,4
5875,8
5876,6
5877,1
5878,2
5879,2
5880,4
5881,2
5882,-1
5883,4
5884,8
5885,8
5886,5
5887,10
5888,5
5889,10
5890,4
5891,3
5892,3
5893,3
5894,-1
5895,5
5896,3
5897,3
5898,2
5899,2
5900,-1
5901,4
5902,2
5903,9
5904,9
5905,9
5906,9
5907,4
5908,9
5909,12
5910,9
5911,19
5912,19
5913,19
5914,19
5915,18
5916,19
5917,2
5918,2
5919,1
5920,2
5921,-1
5922,5
5923,5
5924,2
5925,5
5926,12
5927,12
5928,12
5929,12
5930,12
5931,2
5932,2
5933,3
5934,3
5935,3
5936,9
5937,3
5938,9
5939,9
5940,9
5941,9
5942,-1
5943,16
5944,14
5945,14
5946,14
5947,16
5948,16
5949,9
5950,19
5951,19
5952,9
5953,9
5954,2
5955,2
5956,-1
5957,2
5958,-1
5959,0
5960,5
5961,4
5962,2
5963,0
5964,9
5965,9
5966,9
5967,5
5968,9
5969,0
5970,1
5971,-1
5972,1
5973,1
5974,1
5975,1
5976,1
5977,-1
5978,1
5979,2
5980,2
5981,-1
5982,4
5983,2
5984,4
5985,10
5986,10
5987,10
5988,10
5989,4
5990,12
5991,10
5992,14
5993,12
5994,19
5995,18
5996,18
5997,19
5998,14
5999,23
6000,23
6001,23
6002,19
6003,28
6004,28
6005,28
6006,28
6007,23
6008,30
6009,28
6010,23
6011,2
6012,1
6013,-1
6014,5
6015,5
6016,5
6017,1
6018,7
6019,5
6020,5
6021,13
6022,13
6023,13
6024,13
6025,5
6026,17
6027,16
6028,17
6029,13
6030,20
6031,20
6032,13
6033,1
6034,-1
6035,2
6036,0
6037,0
6038,-1
6039,2
6040,0
6041,2
6042,2
6043,-1
6044,7
6045,7
6046,7
6047,7
6048,2
6049,9
6050,7
6051,11
6052,7
6053,11
6054,14
6055,11
6056,16
6057,11
6058,18
6059,11
6060,21
6061,21
6062,18
6063,24
6064,24
6065,21
6066,27
6067,27
6068,24
6069,2
6070,2
6071,2
6072,-1
6073,2
6074,6
6075,6
6076,2
6077,10
6078,10
6079,10
6080,6
6081,10
6082,13
6083,10
6084,15
6085,13
6086,18
6087,18
6088,10
6089,2
6090,1
6091,-1
6092,5
6093,5
6094,5
6095,7
6096,7
6097,1
6098,9
6099,7
6100,18
6101,18
6102,18
6103,18
6104,18
6105,18
6106,18
6107,18
6108,1
6109,23
6110,23
6111,23
6112,23
6113,18
6114,1
6115,1
6116,-1
6117,1
6118,1
6119,7
6120,7
6121,7
6122,3
6123,9
6124,7
6125,11
6126,7
6127,17
6128,17
6129,17
6130,17
6131,17
6132,7
6133,19
6134,17
6135,21
6136,17
6137,27
6138,27
6139,27
6140,27
6141,27
6142,17
6143,1
6144,1
6145,-1
6146,4
6147,4
6148,1
6149,4
6150,7
6151,4
6152,10
6153,10
6154,7
6155,1
6156,4
6157,4
6158,4
6159,4
6160,8
6161,6
6162,4
6163,8
6164,-1
6165,8
6166,8
6167,2
6168,2
6169,-1
6170,4
6171,2
6172,7
6173,7
6174,4
6175,10
6176,10
6177,7
6178,12
6179,2
6180,14
6181,12
6182,16
6183,2
6184,18
6185,16
6186,18
6187,19
6188,19
6189,23
6190,18
6191,23
6192,18
6193,28
6194,28
6195,18
6196,28
6197,31
6198,28
6199,31
6200,31
6201,38
6202,37
6203,37
6204,38
6205,33
6206,2
6207,1
6208,-1
6209,5
6210,5
6211,5
6212,1
6213,5
6214,9
6215,9
6216,6
6217,12
6218,12
6219,9
6220,1
6221,-1
6222,0
6223,0
6224,0
6225,4
6226,4
6227,4
6228,4
6229,-1
6230,4
6231,4
6232,8
6233,4
6234,8
6235,1
6236,-1
6237,3
6238,1
6239,3
6240,4
6241,4
6242,-1
6243,0
6244,0
6245,0
6246,2
6247,2
6248,-1
6249,4
6250,2
6251,2
6252,2
6253,2
6254,7
6255,7
6256,1
6257,-1
6258,3
6259,1
6260,3
6261,4
6262,4
6263,-1
6264,0
6265,0
6266,0
6267,4
6268,4
6269,4
6270,4
6271,-1
6272,4
6273,4
6274,8
6275,4
6276,8
6277,2
6278,2
6279,-1
6280,2
6281,5
6282,2
6283,2
6284,2
6285,2
6286,-1
6287,2
6288,1
6289,-1
6290,4
6291,4
6292,1
6293,1
6294,9
6295,9
6296,9
6297,1
6298,11
6299,9
6300,11
6301,11
6302,15
6303,16
6304,11
6305,1
6306,-1
6307,3
6308,3
6309,0
6310,3
6311,0
6312,1
6313,-1
6314,3
6315,1
6316,3
6317,1
6318,-1
6319,3
6320,3
6321,0
6322,3
6323,6
6324,3
6325,6
6326,0
6327,3
6328,3
6329,3
6330,-1
6331,3
6332,-1
6333,3
6334,3
6335,0
6336,0
6337,-1
6338,4
6339,3
6340,4
6341,0
6342,7
6343,7
6344,4
6345,0
6346,1
6347,-1
6348,5
6349,5
6350,5
6351,1
6352,10
6353,10
6354,10
6355,10
6356,1
6357,10
6358,13
6359,10
6360,13
6361,19
6362,19
6363,19
6364,19
6365,13
6366,21
6367,19
6368,1
6369,2
6370,2
6371,-1
6372,4
6373,2
6374,8
6375,7
6376,8
6377,4
6378,12
6379,12
6380,12
6381,4
6382,14
6383,4
6384,14
6385,2
6386,2
6387,2
6388,11
6389,5
6390,5
6391,2
6392,9
6393,9
6394,9
6395,5
6396,11
6397,-1
6398,11
6399,14
6400,11
6401,11
6402,2
6403,2
6404,-1
6405,4
6406,2
6407,4
6408,7
6409,2
6410,1
6411,-1
6412,1
6413,4
6414,1
6415,6
6416,4
6417,8
6418,6
6419,1
6420,2
6421,2
6422,-1
6423,4
6424,2
6425,6
6426,2
6427,8
6428,2
6429,2
6430,3
6431,3
6432,3
6433,-1
6434,6
6435,6
6436,14
6437,10
6438,10
6439,10
6440,6
6441,12
6442,10
6443,14
6444,3
6445,16
6446,14
6447,18
6448,16
6449,3
6450,1
6451,4
6452,4
6453,4
6454,-1
6455,4
6456,4
6457,9
6458,9
6459,6
6460,4
6461,1
6462,-1
6463,3
6464,1
6465,5
6466,1
6467,5
6468,1
6469,2
6470,2
6471,-1
6472,2
6473,6
6474,6
6475,3
6476,8
6477,2
6478,2
6479,5
6480,0
6481,5
6482,5
6483,5
6484,-1
6485,7
6486,5
6487,5
6488,2
6489,2
6490,-1
6491,2
6492,5
6493,2
6494,7
6495,5
6496,2
6497,5
6498,5
6499,3
6500,1
6501,5
6502,-1
6503,5
6504,8
6505,14
6506,11
6507,11
6508,8
6509,14
6510,14
6511,5
6512,19
6513,17
6514,18
6515,19
6516,14
6517,5
6518,3
6519,3
6520,3
6521,15
6522,3
6523,6
6524,3
6525,9
6526,9
6527,6
6528,15
6529,15
6530,15
6531,15
6532,15
6533,-1
6534,17
6535,15
6536,20
6537,20
6538,15
6539,15
6540,1
6541,-1
6542,5
6543,5
6544,5
6545,1
6546,7
6547,11
6548,10
6549,10
6550,7
6551,1
6552,16
6553,16
6554,16
6555,16
6556,11
6557,16
6558,16
6559,16
6560,21
6561,1
6562,26
6563,26
6564,26
6565,26
6566,21
6567,3
6568,3
6569,3
6570,-1
6571,3
6572,2
6573,2
6574,-1
6575,2
6576,2
6577,2
6578,-1
6579,4
6580,2
6581,6
6582,4
6583,2
6584,2
6585,2
6586,-1
6587,6
6588,6
6589,6
6590,2
6591,2
6592,1
6593,2
6594,-1
6595,5
6596,5
6597,2
6598,5
6599,9
6600,9
6601,5
6602,12
6603,12
6604,9
6605,2
6606,-1
6607,0
6608,0
6609,0
6610,2
6611,2
6612,-1
6613,4
6614,2
6615,2
6616,2
